System,Krippendorff Alpha
SurveyX,0.973721156747377
SurveyForge,0.9773402525742356
Baseline,0.9658921201316012
Autosurvey,0.9866162282617037
AURORA,0.9730482731210913
